{
    "1": {
        "0": {
            "loss": 0.0067777704514483395,
            "auc": 0.9932222295485517,
            "accuracy": 0.999670836076366
        },
        "1": {
            "loss": 0.0433838355286712,
            "auc": 0.9566161644713288,
            "accuracy": 0.9994075049374589
        },
        "2": {
            "loss": 0.009992647795193488,
            "auc": 0.9900073522048065,
            "accuracy": 0.9997366688610928
        }
    },
    "2": {
        "0": {
            "loss": 0.003610048793353582,
            "auc": 0.9963899512066464,
            "accuracy": 0.9996050032916393
        },
        "1": {
            "loss": 0.017536793110595972,
            "auc": 0.982463206889404,
            "accuracy": 0.9993416721527321
        },
        "2": {
            "loss": 9.281853244136329e-05,
            "auc": 0.9999071814675586,
            "accuracy": 0.9997366688610928
        }
    },
    "3": {
        "0": {
            "loss": 0.004346344894280985,
            "auc": 0.995653655105719,
            "accuracy": 0.9996050032916393
        },
        "1": {
            "loss": 0.027962292950421297,
            "auc": 0.9720377070495787,
            "accuracy": 0.9992758393680052
        },
        "2": {
            "loss": 8.793334652346108e-05,
            "auc": 0.9999120666534765,
            "accuracy": 0.9998025016458196
        }
    },
    "4": {
        "0": {
            "loss": 0.003299595586619075,
            "auc": 0.9967004044133809,
            "accuracy": 0.9996050032916393
        },
        "1": {
            "loss": 0.01932462735786833,
            "auc": 0.9806753726421317,
            "accuracy": 0.9993416721527321
        },
        "2": {
            "loss": 6.350741693350592e-05,
            "auc": 0.9999364925830665,
            "accuracy": 0.9998025016458196
        }
    },
    "5": {
        "0": {
            "loss": 0.001692382082728927,
            "auc": 0.9983076179172711,
            "accuracy": 0.9995391705069124
        },
        "1": {
            "loss": 0.021312680196732492,
            "auc": 0.9786873198032675,
            "accuracy": 0.9992758393680052
        },
        "2": {
            "loss": 8.549075356434344e-05,
            "auc": 0.9999145092464357,
            "accuracy": 0.9998025016458196
        }
    },
    "6": {
        "0": {
            "loss": 0.0021374565914985544,
            "auc": 0.9978625434085014,
            "accuracy": 0.9996050032916393
        },
        "1": {
            "loss": 0.016754762846967086,
            "auc": 0.9832452371530329,
            "accuracy": 0.9993416721527321
        },
        "2": {
            "loss": 4.885185917902213e-06,
            "auc": 0.9999951148140821,
            "accuracy": 0.9998683344305465
        }
    },
    "7": {
        "0": {
            "loss": 0.0033463009363049467,
            "auc": 0.996653699063695,
            "accuracy": 0.999670836076366
        },
        "1": {
            "loss": 0.029540486554732626,
            "auc": 0.9704595134452674,
            "accuracy": 0.9993416721527321
        },
        "2": {
            "loss": 0.0002344889240621928,
            "auc": 0.9997655110759378,
            "accuracy": 0.9998025016458196
        }
    },
    "8": {
        "0": {
            "loss": 0.0016566662270869337,
            "auc": 0.9983433337729131,
            "accuracy": 0.999670836076366
        },
        "1": {
            "loss": 0.021110106092298464,
            "auc": 0.9788898939077015,
            "accuracy": 0.9993416721527321
        },
        "2": {
            "loss": 7.81629746874346e-05,
            "auc": 0.9999218370253126,
            "accuracy": 0.9998025016458196
        }
    },
    "9": {
        "0": {
            "loss": 0.0014973185634533648,
            "auc": 0.9985026814365466,
            "accuracy": 0.9994075049374589
        },
        "1": {
            "loss": 0.03087606233629181,
            "auc": 0.9691239376637082,
            "accuracy": 0.9994733377221856
        },
        "2": {
            "loss": 0.0014411298457991384,
            "auc": 0.9985588701542009,
            "accuracy": 0.9998683344305465
        }
    },
    "10": {
        "0": {
            "loss": 0.001522044925051702,
            "auc": 0.9984779550749483,
            "accuracy": 0.9993416721527321
        },
        "1": {
            "loss": 0.03114694631315129,
            "auc": 0.9688530536868487,
            "accuracy": 0.9991441737985517
        },
        "2": {
            "loss": 1.9540743671941918e-05,
            "auc": 0.9999804592563281,
            "accuracy": 0.999670836076366
        }
    }
}