{
    "1": {
        "1": {
            "loss": 0.037591629449563735,
            "auc": 0.9624083705504363,
            "accuracy": 0.9981566820276497
        },
        "2": {
            "loss": 0.0003724954262446234,
            "auc": 0.9996275045737554,
            "accuracy": 0.9982225148123766
        },
        "0": {
            "loss": 0.0030633214646798024,
            "auc": 0.9969366785353202,
            "accuracy": 0.9984200131665569
        }
    },
    "2": {
        "2": {
            "loss": 7.083519581052578e-05,
            "auc": 0.9999291648041895,
            "accuracy": 0.9997366688610928
        },
        "0": {
            "loss": 0.0014753395753659415,
            "auc": 0.9985246604246341,
            "accuracy": 0.9995391705069124
        },
        "1": {
            "loss": 0.014114232950798056,
            "auc": 0.9858857670492019,
            "accuracy": 0.9994075049374589
        }
    },
    "3": {
        "0": {
            "loss": 0.001428634225680292,
            "auc": 0.9985713657743197,
            "accuracy": 0.9997366688610928
        },
        "2": {
            "loss": 2.686852254885075e-05,
            "auc": 0.9999731314774511,
            "accuracy": 0.9996050032916393
        },
        "1": {
            "loss": 0.019621421975992592,
            "auc": 0.9803785780240074,
            "accuracy": 0.9994075049374589
        }
    },
    "4": {
        "0": {
            "loss": 0.0008297068002989239,
            "auc": 0.9991702931997011,
            "accuracy": 0.9995391705069124
        },
        "1": {
            "loss": 0.016328415022518694,
            "auc": 0.9836715849774813,
            "accuracy": 0.9994075049374589
        },
        "2": {
            "loss": 2.9311115507746344e-05,
            "auc": 0.9999706888844923,
            "accuracy": 0.9997366688610928
        }
    },
    "5": {
        "1": {
            "loss": 0.016533344639794945,
            "auc": 0.983466655360205,
            "accuracy": 0.9994075049374589
        },
        "2": {
            "loss": 2.6868522548739726e-05,
            "auc": 0.9999731314774513,
            "accuracy": 0.9997366688610928
        },
        "0": {
            "loss": 0.0011209283924568103,
            "auc": 0.9988790716075432,
            "accuracy": 0.9996050032916393
        }
    },
    "6": {
        "1": {
            "loss": 0.015500452258465636,
            "auc": 0.9844995477415344,
            "accuracy": 0.9993416721527321
        },
        "2": {
            "loss": 2.442592958984413e-05,
            "auc": 0.9999755740704102,
            "accuracy": 0.999670836076366
        },
        "0": {
            "loss": 0.0015646292144708696,
            "auc": 0.9984353707855291,
            "accuracy": 0.999670836076366
        }
    },
    "7": {
        "2": {
            "loss": 2.6868522548739726e-05,
            "auc": 0.9999731314774513,
            "accuracy": 0.999670836076366
        },
        "0": {
            "loss": 0.0010632335487273936,
            "auc": 0.9989367664512726,
            "accuracy": 0.9996050032916393
        },
        "1": {
            "loss": 0.014418094107449098,
            "auc": 0.9855819058925509,
            "accuracy": 0.9994075049374589
        }
    },
    "8": {
        "0": {
            "loss": 0.0008736647764736594,
            "auc": 0.9991263352235263,
            "accuracy": 0.999670836076366
        },
        "1": {
            "loss": 0.013053074415361743,
            "auc": 0.9869469255846383,
            "accuracy": 0.9993416721527321
        },
        "2": {
            "loss": 2.1983336630837513e-05,
            "auc": 0.9999780166633692,
            "accuracy": 0.9997366688610928
        }
    },
    "9": {
        "0": {
            "loss": 0.0006209064134686804,
            "auc": 0.9993790935865313,
            "accuracy": 0.9997366688610928
        },
        "2": {
            "loss": 4.152408030266841e-05,
            "auc": 0.9999584759196973,
            "accuracy": 0.9997366688610928
        },
        "1": {
            "loss": 0.00963875855051155,
            "auc": 0.9903612414494884,
            "accuracy": 0.9994075049374589
        }
    },
    "10": {
        "0": {
            "loss": 0.0007830014506131633,
            "auc": 0.9992169985493868,
            "accuracy": 0.999670836076366
        },
        "2": {
            "loss": 1.7098150712824278e-05,
            "auc": 0.9999829018492872,
            "accuracy": 0.9997366688610928
        },
        "1": {
            "loss": 0.012109691522038224,
            "auc": 0.9878903084779618,
            "accuracy": 0.9993416721527321
        }
    }
}