{
    "1": {
        "0": {
            "loss": 0.03903475843597182,
            "auc": 0.9609652415640282,
            "accuracy": 0.9994075049374589
        },
        "1": {
            "loss": 0.02994693910679136,
            "auc": 0.9700530608932086,
            "accuracy": 0.9991441737985517
        },
        "2": {
            "loss": 0.11267830692125069,
            "auc": 0.8873216930787493,
            "accuracy": 0.9992758393680052
        }
    },
    "2": {
        "1": {
            "loss": 0.028742162611854027,
            "auc": 0.971257837388146,
            "accuracy": 0.9992100065832785
        },
        "2": {
            "loss": 0.10292849461274689,
            "auc": 0.8970715053872531,
            "accuracy": 0.9990783410138249
        },
        "0": {
            "loss": 0.03516679179433069,
            "auc": 0.9648332082056693,
            "accuracy": 0.9992758393680052
        }
    }
}